/*
SQLyog Ultimate v11.11 (64 bit)
MySQL - 5.5.5-10.4.13-MariaDB-1:10.4.13+maria~xenial-log : Database - chatbox
*********************************************************************
*/

/*!40101 SET NAMES utf8 */;

/*!40101 SET SQL_MODE=''*/;

/*!40014 SET @OLD_UNIQUE_CHECKS=@@UNIQUE_CHECKS, UNIQUE_CHECKS=0 */;
/*!40014 SET @OLD_FOREIGN_KEY_CHECKS=@@FOREIGN_KEY_CHECKS, FOREIGN_KEY_CHECKS=0 */;
/*!40101 SET @OLD_SQL_MODE=@@SQL_MODE, SQL_MODE='NO_AUTO_VALUE_ON_ZERO' */;
/*!40111 SET @OLD_SQL_NOTES=@@SQL_NOTES, SQL_NOTES=0 */;
/*Table structure for table `failed_jobs` */

DROP TABLE IF EXISTS `failed_jobs`;

CREATE TABLE `failed_jobs` (
  `id` bigint(20) unsigned NOT NULL AUTO_INCREMENT,
  `connection` text COLLATE utf8mb4_unicode_ci NOT NULL,
  `queue` text COLLATE utf8mb4_unicode_ci NOT NULL,
  `payload` longtext COLLATE utf8mb4_unicode_ci NOT NULL,
  `exception` longtext COLLATE utf8mb4_unicode_ci NOT NULL,
  `failed_at` timestamp NOT NULL DEFAULT current_timestamp(),
  PRIMARY KEY (`id`)
) ENGINE=InnoDB DEFAULT CHARSET=utf8mb4 COLLATE=utf8mb4_unicode_ci;

/*Data for the table `failed_jobs` */

/*Table structure for table `messages` */

DROP TABLE IF EXISTS `messages`;

CREATE TABLE `messages` (
  `id` bigint(20) NOT NULL AUTO_INCREMENT,
  `private_key` decimal(10,0) NOT NULL DEFAULT 0,
  `user_id` int(11) DEFAULT NULL,
  `message` text DEFAULT NULL,
  `updated_at` datetime DEFAULT NULL,
  `created_at` datetime DEFAULT NULL,
  PRIMARY KEY (`id`),
  KEY `private_key` (`private_key`)
) ENGINE=InnoDB AUTO_INCREMENT=2261 DEFAULT CHARSET=utf8mb4;

/*Data for the table `messages` */

insert  into `messages`(`id`,`private_key`,`user_id`,`message`,`updated_at`,`created_at`) values (1683,1671298241,78,'Qq','2020-09-06 10:48:22','2020-09-06 10:48:22'),(1684,0,77,'ek','2020-09-06 10:49:25','2020-09-06 10:49:25'),(1685,0,77,'Dc chưa ?','2020-09-06 10:49:28','2020-09-06 10:49:28'),(1686,1671298241,76,'Chat coi','2020-09-06 10:50:05','2020-09-06 10:50:05'),(1687,0,78,'đc r','2020-09-06 10:50:06','2020-09-06 10:50:06'),(1688,1671298241,76,'dc ko','2020-09-06 10:50:06','2020-09-06 10:50:06'),(1689,0,76,'^^','2020-09-06 10:50:12','2020-09-06 10:50:12'),(1690,0,76,'Chat thử xem dc không','2020-09-06 10:50:20','2020-09-06 10:50:20'),(1691,0,78,'ghê vl','2020-09-06 10:50:25','2020-09-06 10:50:25'),(1692,0,76,'Thấy anh mày viết gì không ?','2020-09-06 10:50:35','2020-09-06 10:50:35'),(1693,0,78,'éo','2020-09-06 10:50:42','2020-09-06 10:50:42'),(1694,0,78,'=)))','2020-09-06 10:50:43','2020-09-06 10:50:43'),(1695,0,76,'Eo eo','2020-09-06 10:50:52','2020-09-06 10:50:52'),(1696,0,76,'Mới xong chat group với chat 1-1','2020-09-06 10:51:02','2020-09-06 10:51:02'),(1697,0,78,'viết gì thấy gì đâu','2020-09-06 10:51:07','2020-09-06 10:51:07'),(1698,0,76,'Còn push notification nữa','2020-09-06 10:51:11','2020-09-06 10:51:11'),(1699,0,78,'ghê vl','2020-09-06 10:51:12','2020-09-06 10:51:12'),(1700,0,78,'đù mé','2020-09-06 10:51:34','2020-09-06 10:51:34'),(1701,0,78,'tỉ mỉ quá ta','2020-09-06 10:51:39','2020-09-06 10:51:39'),(1702,0,76,'Vãi','2020-09-06 10:51:39','2020-09-06 10:51:39'),(1703,0,76,'Lại thấy bug rồi','2020-09-06 10:51:43','2020-09-06 10:51:43'),(1704,0,76,'Lại fix tiếp','2020-09-06 10:51:46','2020-09-06 10:51:46'),(1705,0,78,'bug gì','2020-09-06 10:51:51','2020-09-06 10:51:51'),(1706,0,76,'layout','2020-09-06 10:51:55','2020-09-06 10:51:55'),(1707,0,76,'Kéo cái list usr qua trái','2020-09-06 10:52:00','2020-09-06 10:52:00'),(1708,0,76,'Nó còn dư xíu xíu kìa','2020-09-06 10:52:04','2020-09-06 10:52:04'),(1709,0,78,'=))))','2020-09-06 10:52:15','2020-09-06 10:52:15'),(1710,0,76,'1','2020-09-06 10:52:29','2020-09-06 10:52:29'),(1711,0,76,'2','2020-09-06 10:52:29','2020-09-06 10:52:29'),(1712,0,76,'3','2020-09-06 10:52:29','2020-09-06 10:52:29'),(1713,0,76,'4','2020-09-06 10:52:30','2020-09-06 10:52:30'),(1714,0,76,'5','2020-09-06 10:52:30','2020-09-06 10:52:30'),(1715,0,76,'6','2020-09-06 10:52:31','2020-09-06 10:52:31'),(1716,0,76,'7','2020-09-06 10:52:31','2020-09-06 10:52:31'),(1717,0,76,'8','2020-09-06 10:52:32','2020-09-06 10:52:32'),(1718,0,76,'9','2020-09-06 10:52:33','2020-09-06 10:52:33'),(1719,0,76,'20','2020-09-06 10:52:34','2020-09-06 10:52:34'),(1720,0,76,'Login thấy dễ hiểu mà pa','2020-09-06 10:52:48','2020-09-06 10:52:48'),(1721,0,76,'Sao lại hỏi','2020-09-06 10:52:50','2020-09-06 10:52:50'),(1722,0,78,'nãy tính login google','2020-09-06 10:53:07','2020-09-06 10:53:07'),(1723,0,78,'mà disable cmnr','2020-09-06 10:53:10','2020-09-06 10:53:10'),(1724,0,78,'đậu xanh','2020-09-06 10:53:19','2020-09-06 10:53:19'),(1725,0,76,'đậu xanh','2020-09-06 10:53:32','2020-09-06 10:53:32'),(1726,0,78,'k tự code cái resizable ba','2020-09-06 10:53:35','2020-09-06 10:53:35'),(1727,0,76,'Google với Facebook','2020-09-06 10:53:36','2020-09-06 10:53:36'),(1728,0,76,'IP nó không cho login','2020-09-06 10:53:42','2020-09-06 10:53:42'),(1729,0,78,'xài thư viện chi','2020-09-06 10:53:46','2020-09-06 10:53:46'),(1730,0,76,'Tự code đó pa','2020-09-06 10:53:50','2020-09-06 10:53:50'),(1731,0,76,'jquery ui cho nhanh pa','2020-09-06 10:54:06','2020-09-06 10:54:06'),(1732,0,78,'hoi e đi chơi đây','2020-09-06 10:54:21','2020-09-06 10:54:21'),(1733,0,78,'=)))','2020-09-06 10:54:23','2020-09-06 10:54:23'),(1734,0,78,'???','2020-09-06 10:54:31','2020-09-06 10:54:31'),(1735,0,78,'a thấy emoji k','2020-09-06 10:54:43','2020-09-06 10:54:43'),(1736,0,79,'thấy','2020-09-06 10:54:51','2020-09-06 10:54:51'),(1737,0,78,'✌?✌️✌️✌️✌️','2020-09-06 10:54:53','2020-09-06 10:54:53'),(1738,0,79,'đi đi','2020-09-06 10:54:57','2020-09-06 10:54:57'),(1739,0,79,'zui zẻ','2020-09-06 10:55:03','2020-09-06 10:55:03'),(1740,0,79,'xíu mưa nè con','2020-09-06 10:55:09','2020-09-06 10:55:09'),(1741,0,78,'??','2020-09-06 10:55:12','2020-09-06 10:55:12'),(1742,0,78,'cái miệng lòn','2020-09-06 10:55:16','2020-09-06 10:55:16'),(1743,0,78,'e ddos cm bây h','2020-09-06 10:55:28','2020-09-06 10:55:28'),(1744,0,79,'ddos á','2020-09-06 10:55:36','2020-09-06 10:55:36'),(1745,0,79,'anh sợ quá cơ','2020-09-06 10:55:43','2020-09-06 10:55:43'),(1746,0,78,'=))))','2020-09-06 10:55:45','2020-09-06 10:55:45'),(1747,0,78,'hoi e đi à','2020-09-06 10:55:51','2020-09-06 10:55:51'),(1748,0,79,'ok men','2020-09-06 10:55:55','2020-09-06 10:55:55'),(1749,0,79,'Thank nhìu','2020-09-06 10:55:58','2020-09-06 10:55:58'),(1750,0,77,'?','2020-09-06 11:20:50','2020-09-06 11:20:50'),(1751,0,77,'Cái này là cái gì đây ?','2020-09-06 11:20:56','2020-09-06 11:20:56'),(1752,0,85,'Alo','2020-09-06 11:21:17','2020-09-06 11:21:17'),(1753,0,77,'alo','2020-09-06 11:21:23','2020-09-06 11:21:23'),(1754,0,85,'Test','2020-09-06 11:21:25','2020-09-06 11:21:25'),(1755,0,77,'cái này là cái gì đây','2020-09-06 11:21:27','2020-09-06 11:21:27'),(1756,0,85,'Tét','2020-09-06 11:21:30','2020-09-06 11:21:30'),(1757,0,77,'ai viết cái này vậy ?','2020-09-06 11:21:34','2020-09-06 11:21:34'),(1758,0,85,'Testttttttt','2020-09-06 11:21:47','2020-09-06 11:21:47'),(1759,0,77,'Tesssss','2020-09-06 11:21:54','2020-09-06 11:21:54'),(1760,0,77,'ZTes','2020-09-06 11:22:03','2020-09-06 11:22:03'),(1761,0,85,'Ngon đấy','2020-09-06 11:22:10','2020-09-06 11:22:10'),(1762,0,76,'Em là Phong ạ','2020-09-06 11:22:37','2020-09-06 11:22:37'),(1763,0,76,'Em chào anh chị em','2020-09-06 11:22:42','2020-09-06 11:22:42'),(1764,0,85,'Oki bac','2020-09-06 11:22:47','2020-09-06 11:22:47'),(1765,0,76,'Anh chị nào từng báo cáo rồi','2020-09-06 11:22:59','2020-09-06 11:22:59'),(1766,0,85,'Chúc bác bc luận văn thành công','2020-09-06 11:23:00','2020-09-06 11:23:00'),(1767,0,87,'123','2020-09-06 11:23:00','2020-09-06 11:23:00'),(1768,0,76,'Cho em xin kinh nghiệm với','2020-09-06 11:23:04','2020-09-06 11:23:04'),(1769,0,87,'456','2020-09-06 11:23:04','2020-09-06 11:23:04'),(1770,0,85,'Testttttttttttttttt','2020-09-06 11:23:24','2020-09-06 11:23:24'),(1771,0,76,'Bác bao nhiêu tuổi','2020-09-06 11:23:32','2020-09-06 11:23:32'),(1772,0,85,'Cháu 18 ạ','2020-09-06 11:23:40','2020-09-06 11:23:40'),(1773,0,76,'ẹc','2020-09-06 11:23:44','2020-09-06 11:23:44'),(1774,0,76,'Vậy là nhỏ hơn mình rồi','2020-09-06 11:23:48','2020-09-06 11:23:48'),(1775,0,88,'sadasd','2020-09-06 11:24:07','2020-09-06 11:24:07'),(1776,578934750,85,'.','2020-09-06 11:24:32','2020-09-06 11:24:32'),(1777,0,76,'hi mọi người','2020-09-06 11:24:33','2020-09-06 11:24:33'),(1778,3965739653,85,'.','2020-09-06 11:24:36','2020-09-06 11:24:36'),(1779,0,76,'Em ở Cần Thơ','2020-09-06 11:24:39','2020-09-06 11:24:39'),(1780,578934750,76,'hi','2020-09-06 11:24:49','2020-09-06 11:24:49'),(1781,578934750,76,'Em chào anh','2020-09-06 11:24:51','2020-09-06 11:24:51'),(1782,0,85,'Bác làm trong bao lâu?','2020-09-06 11:25:03','2020-09-06 11:25:03'),(1783,0,76,'Dạ em code cả năm ạ','2020-09-06 11:25:19','2020-09-06 11:25:19'),(1784,0,85,':v','2020-09-06 11:25:25','2020-09-06 11:25:25'),(1785,0,76,'Tại vì em mới học code thôi','2020-09-06 11:25:27','2020-09-06 11:25:27'),(1786,0,76,'làm để còn báo cáo nữa','2020-09-06 11:25:35','2020-09-06 11:25:35'),(1787,0,76,'Em sợ mấy ông Thầy lắm','2020-09-06 11:25:42','2020-09-06 11:25:42'),(1788,0,76,'Còn cái báo tin nhắn mới nữa','2020-09-06 11:26:43','2020-09-06 11:26:43'),(1789,0,76,'Mà em chưa có làm kịp','2020-09-06 11:26:47','2020-09-06 11:26:47'),(1790,0,90,'bác cho e hỏi là bác làm cái này có tham khảo nh nguồn từ các project hay tutorial hướng dẫn làm chat app ko ah?','2020-09-06 11:27:38','2020-09-06 11:27:38'),(1791,0,76,'Dạ em tham khảo nhiều lắm','2020-09-06 11:27:52','2020-09-06 11:27:52'),(1792,0,76,'Tham khảo muốn hết thế giới luôn ấy','2020-09-06 11:28:00','2020-09-06 11:28:00'),(1793,0,76,'https://socket.io/','2020-09-06 11:28:29','2020-09-06 11:28:29'),(1794,0,76,'https://vuejs.org/','2020-09-06 11:28:38','2020-09-06 11:28:38'),(1795,0,90,'oh mỗi cái chat app thì đi theo 1 công nghệ khác. vậy bác đảo qua bao nhiêu cái tutorial mới làm xong thế. e tìm thì hay của medium, udemy với youtube thôi. :-?','2020-09-06 11:28:49','2020-09-06 11:28:49'),(1796,0,76,'https://www.sitepoint.com/pusher-vue-real-time-chat-app/','2020-09-06 11:29:08','2020-09-06 11:29:08'),(1797,0,76,'hihi','2020-09-06 11:29:23','2020-09-06 11:29:23'),(1798,0,76,'Tham khảo họ chỉ làm demo thôi','2020-09-06 11:29:29','2020-09-06 11:29:29'),(1799,0,76,'Còn mình phải hiểu và làm cho hoàn thiện.','2020-09-06 11:29:42','2020-09-06 11:29:42'),(1800,0,90,'thêm tính năng thì phải tự làm phải ko ah?','2020-09-06 11:29:51','2020-09-06 11:29:51'),(1801,0,76,'Đúng rồi em','2020-09-06 11:30:01','2020-09-06 11:30:01'),(1802,0,76,'Người ta chỉ những cái basic thôi hà, mình xem cái phát triển thêm','2020-09-06 11:31:06','2020-09-06 11:31:06'),(1803,3937303911,93,'1','2020-09-06 11:31:19','2020-09-06 11:31:19'),(1804,0,90,'bác học ở đâu mà làm đồ án ghê thế ah? thằng bạn e trc ở BK nó làm đồ án web bán rau củ quả mà không có contact forrm hay post from user đã qua đồ án r. :v','2020-09-06 11:32:19','2020-09-06 11:32:19'),(1805,0,76,'hihi','2020-09-06 11:32:55','2020-09-06 11:32:55'),(1806,0,76,'Em học ở Đại Học Cần Thơ','2020-09-06 11:33:01','2020-09-06 11:33:01'),(1807,0,76,'Trường em cũng rộng lắm, mà toàn là cây cối thôi hà','2020-09-06 11:33:18','2020-09-06 11:33:18'),(1808,0,94,'testtttttttttttttttt','2020-09-06 11:33:33','2020-09-06 11:33:33'),(1809,4288959253,96,'Hello','2020-09-06 11:35:18','2020-09-06 11:35:18'),(1810,0,94,'đồ án tốt nghiệp à man?','2020-09-06 11:35:22','2020-09-06 11:35:22'),(1811,0,76,'dạ','2020-09-06 11:35:33','2020-09-06 11:35:33'),(1812,0,94,'woa','2020-09-06 11:35:41','2020-09-06 11:35:41'),(1813,0,76,'tuần sau em báo cáo','2020-09-06 11:35:42','2020-09-06 11:35:42'),(1814,0,94,'hịn đấy','2020-09-06 11:35:44','2020-09-06 11:35:44'),(1815,0,94,'haha','2020-09-06 11:35:45','2020-09-06 11:35:45'),(1816,0,97,'alo','2020-09-06 11:35:50','2020-09-06 11:35:50'),(1817,0,97,'cái gì đây ?','2020-09-06 11:36:00','2020-09-06 11:36:00'),(1818,0,94,'oh chỉ cho send text thôi chứ không có hình ảnh nhể :))','2020-09-06 11:37:42','2020-09-06 11:37:42'),(1819,3937303911,93,'1','2020-09-06 11:37:54','2020-09-06 11:37:54'),(1820,3937303911,93,'1','2020-09-06 11:37:55','2020-09-06 11:37:55'),(1821,3937303911,93,'11','2020-09-06 11:37:55','2020-09-06 11:37:55'),(1822,3937303911,93,'1','2020-09-06 11:37:56','2020-09-06 11:37:56'),(1823,3937303911,93,'1','2020-09-06 11:37:56','2020-09-06 11:37:56'),(1824,3937303911,93,'1','2020-09-06 11:37:57','2020-09-06 11:37:57'),(1825,3937303911,93,'1','2020-09-06 11:37:57','2020-09-06 11:37:57'),(1826,0,93,'1','2020-09-06 11:38:05','2020-09-06 11:38:05'),(1827,0,76,'hihi','2020-09-06 11:38:14','2020-09-06 11:38:14'),(1828,0,76,'làm thêm thì có','2020-09-06 11:38:27','2020-09-06 11:38:27'),(1829,0,76,'mà e không đủ tg','2020-09-06 11:38:36','2020-09-06 11:38:36'),(1830,0,93,'1','2020-09-06 11:38:47','2020-09-06 11:38:47'),(1831,0,76,'2','2020-09-06 11:38:52','2020-09-06 11:38:52'),(1832,0,99,'3','2020-09-06 11:39:11','2020-09-06 11:39:11'),(1833,0,76,'4','2020-09-06 11:39:19','2020-09-06 11:39:19'),(1834,0,93,'Cái này hình như ko có auth nhỉ','2020-09-06 11:39:40','2020-09-06 11:39:40'),(1835,0,76,'dạ anh chị góp ý cho em với','2020-09-06 11:40:01','2020-09-06 11:40:01'),(1836,4288959253,76,'hi','2020-09-06 11:40:14','2020-09-06 11:40:14'),(1837,4288959253,76,'e chào anh','2020-09-06 11:40:20','2020-09-06 11:40:20'),(1838,2950114036,76,'hi','2020-09-06 11:40:27','2020-09-06 11:40:27'),(1839,0,102,'Hi','2020-09-06 11:40:28','2020-09-06 11:40:28'),(1840,0,101,'Mỗi text thôi thì quá nhẹ','2020-09-06 11:40:51','2020-09-06 11:40:51'),(1841,0,103,'nhìn sơ sài quá bạn','2020-09-06 11:41:11','2020-09-06 11:41:11'),(1842,0,97,'đúng r','2020-09-06 11:41:19','2020-09-06 11:41:19'),(1843,0,101,'Cái này đồ án môn học còn thấy chưa đạt chưa :))','2020-09-06 11:41:26','2020-09-06 11:41:26'),(1844,0,97,'cần phát triển thêm mới dc','2020-09-06 11:41:40','2020-09-06 11:41:40'),(1845,0,101,'Mới vô thấy bảo giống zalo. Hết hồn','2020-09-06 11:41:51','2020-09-06 11:41:51'),(1846,0,97,'chém gió r','2020-09-06 11:42:05','2020-09-06 11:42:05'),(1847,0,94,'có thêm image thì ổn hơn','2020-09-06 11:42:09','2020-09-06 11:42:09'),(1848,0,76,'hihi, em copy giao diện zalo thôi ạ','2020-09-06 11:42:24','2020-09-06 11:42:24'),(1849,0,94,'auth nữa','2020-09-06 11:42:26','2020-09-06 11:42:26'),(1850,0,76,'^^','2020-09-06 11:42:28','2020-09-06 11:42:28'),(1851,0,76,'dạ vâng','2020-09-06 11:42:35','2020-09-06 11:42:35'),(1852,0,101,'Audio, file, stick, emoij, voice chat,','2020-09-06 11:42:42','2020-09-06 11:42:42'),(1853,0,94,'haha','2020-09-06 11:42:47','2020-09-06 11:42:47'),(1854,0,76,'em sẽ phát triển thêm ạ','2020-09-06 11:42:52','2020-09-06 11:42:52'),(1855,0,97,'làm thêm đi em','2020-09-06 11:43:24','2020-09-06 11:43:24'),(1856,0,93,'Đây là UX của Zalo chứ đâu phải UI đâu bạn','2020-09-06 11:43:26','2020-09-06 11:43:26'),(1857,0,101,'Cái này có tự tạo gr được không bạn. Hay mỗi 1 cái nayd thôi','2020-09-06 11:43:39','2020-09-06 11:43:39'),(1858,0,76,'có chat 1-1','2020-09-06 11:43:49','2020-09-06 11:43:49'),(1859,0,105,'123','2020-09-06 11:43:55','2020-09-06 11:43:55'),(1860,0,94,'giờ lo hoàn thiện báo cáo, thuyết trình chứ làm thêm có đủ time đâu','2020-09-06 11:43:56','2020-09-06 11:43:56'),(1861,0,76,'với nhóm ạ','2020-09-06 11:43:57','2020-09-06 11:43:57'),(1862,3937303911,93,'1','2020-09-06 11:43:59','2020-09-06 11:43:59'),(1863,0,94,'bạn sắp bảo vệ mà nhể','2020-09-06 11:44:06','2020-09-06 11:44:06'),(1864,0,76,'dạ tuần sau','2020-09-06 11:44:13','2020-09-06 11:44:13'),(1865,0,94,'next feature, lol','2020-09-06 11:44:15','2020-09-06 11:44:15'),(1866,0,76,'em mong cho bảo vệ ok','2020-09-06 11:44:29','2020-09-06 11:44:29'),(1867,0,105,'10đ','2020-09-06 11:44:34','2020-09-06 11:44:34'),(1868,0,76,'rồi e phát triển thêm','2020-09-06 11:44:39','2020-09-06 11:44:39'),(1869,0,101,'Good luck bạn. Mình đang làm ZA nghe nói giống nên vô hóng :))','2020-09-06 11:45:06','2020-09-06 11:45:06'),(1870,0,93,'phát triển thêm thì bạn handle giống zalo hoặc messenger thôi','2020-09-06 11:45:19','2020-09-06 11:45:19'),(1871,0,76,'^^','2020-09-06 11:45:33','2020-09-06 11:45:33'),(1872,0,76,'0.0001/ zalo','2020-09-06 11:45:40','2020-09-06 11:45:40'),(1873,0,101,'Ngoài chức năng thì nó còn có vấn đề về product mindset','2020-09-06 11:45:46','2020-09-06 11:45:46'),(1874,0,93,'Góp ý thì mình thấy cơ chế xử lý private chat đang sai','2020-09-06 11:46:14','2020-09-06 11:46:14'),(1875,1202584616,107,'tre','2020-09-06 11:47:20','2020-09-06 11:47:20'),(1876,1202584616,107,'a','2020-09-06 11:47:26','2020-09-06 11:47:26'),(1877,0,76,'dạ','2020-09-06 11:48:25','2020-09-06 11:48:25'),(1878,0,107,'Update user profile xong về box chat alert User updated! nằm ở 1 góc k bị mất','2020-09-06 11:48:31','2020-09-06 11:48:31'),(1879,0,76,'dạ em sẽ sửa ạ','2020-09-06 11:49:05','2020-09-06 11:49:05'),(1880,0,93,'1','2020-09-06 11:49:06','2020-09-06 11:49:06'),(1881,0,107,'form đăng ký validate xong k forcus vào field bị lỗi auto focus vào field name','2020-09-06 11:49:17','2020-09-06 11:49:17'),(1882,3937303911,93,'1','2020-09-06 11:49:18','2020-09-06 11:49:18'),(1883,0,76,'Dạ em đã note lại','2020-09-06 11:50:11','2020-09-06 11:50:11'),(1884,0,93,'1','2020-09-06 11:51:15','2020-09-06 11:51:15'),(1885,0,109,'Được của ló bạn ạ.','2020-09-06 11:51:25','2020-09-06 11:51:25'),(1886,0,93,'1','2020-09-06 11:52:53','2020-09-06 11:52:53'),(1887,0,110,'Hi','2020-09-06 11:53:14','2020-09-06 11:53:14'),(1888,3022768481,93,'1','2020-09-06 11:53:28','2020-09-06 11:53:28'),(1889,0,97,'chào chào','2020-09-06 11:53:33','2020-09-06 11:53:33'),(1890,0,76,'hi ạ','2020-09-06 11:53:42','2020-09-06 11:53:42'),(1891,0,93,'Cơ chế auth của bạn với socket io đang sai. Thay vì định danh người dùng bằng token bạn lại cho người dùng gửi lên thông tin người gửi tin nhắn','2020-09-06 11:55:29','2020-09-06 11:55:29'),(1892,0,76,'Private chat đúng không ạ','2020-09-06 11:56:46','2020-09-06 11:56:46'),(1893,0,112,'...','2020-09-06 11:56:49','2020-09-06 11:56:49'),(1894,0,76,'Private chat đang xác thực bằng token ạ','2020-09-06 11:56:58','2020-09-06 11:56:58'),(1895,0,76,'Token tạo ra bởi người gửi + người nhận','2020-09-06 11:57:08','2020-09-06 11:57:08'),(1896,0,76,'Ví dụ','2020-09-06 11:57:16','2020-09-06 11:57:16'),(1897,0,113,'Hello','2020-09-06 11:57:41','2020-09-06 11:57:41'),(1898,0,76,'Sender id :  123   Receiver id  456 =>   hash(123 + 456)','2020-09-06 11:57:49','2020-09-06 11:57:49'),(1899,0,113,'This is test','2020-09-06 11:57:53','2020-09-06 11:57:53'),(1900,0,76,'Em làm vậy có đúng không ạ ?','2020-09-06 11:57:59','2020-09-06 11:57:59'),(1901,2406291768,113,'H','2020-09-06 11:58:16','2020-09-06 11:58:16'),(1902,3661422443,76,'hi','2020-09-06 11:58:31','2020-09-06 11:58:31'),(1903,0,93,'Sai nhé','2020-09-06 11:58:36','2020-09-06 11:58:36'),(1904,0,93,'Cái này bạn có thể tham khảo tài liệu mà nhỉ, đâu cần tự nghĩ ra cơ chế như thế','2020-09-06 11:59:02','2020-09-06 11:59:02'),(1905,0,76,'Dạ em sẽ tìm hiểu thêm','2020-09-06 11:59:15','2020-09-06 11:59:15'),(1906,0,114,'Ok','2020-09-06 11:59:23','2020-09-06 11:59:23'),(1907,0,76,'Tại em nghĩ tạo private key như vậy chỉ có người gửi và người nhận biết thôi ạ','2020-09-06 11:59:36','2020-09-06 11:59:36'),(1908,0,76,'hihi. Để em tìm hiểu tài liệu xem sao ạ','2020-09-06 11:59:51','2020-09-06 11:59:51'),(1909,0,93,'Hình như hiện tại mình có thể fake thông tin người gửi','2020-09-06 12:00:24','2020-09-06 12:00:24'),(1910,0,93,'1','2020-09-06 12:00:43','2020-09-06 12:00:43'),(1911,0,114,'2','2020-09-06 12:00:50','2020-09-06 12:00:50'),(1912,0,76,'THông tin người gửi là user đăng nhập','2020-09-06 12:01:05','2020-09-06 12:01:05'),(1913,0,76,'Trên server lấy lại ạ','2020-09-06 12:01:12','2020-09-06 12:01:12'),(1914,0,76,'Lấy lại ID ạ','2020-09-06 12:01:17','2020-09-06 12:01:17'),(1915,0,93,'Vậy mình gửi lên id không phải id của mình bạn có nhận ko','2020-09-06 12:01:55','2020-09-06 12:01:55'),(1916,0,93,'1','2020-09-06 12:02:30','2020-09-06 12:02:30'),(1917,0,76,'ID đó đâu có gửi lên dc','2020-09-06 12:02:32','2020-09-06 12:02:32'),(1918,0,115,'Helli','2020-09-06 12:02:42','2020-09-06 12:02:42'),(1919,0,76,'ID đó trên server lấy id ra mà','2020-09-06 12:02:51','2020-09-06 12:02:51'),(1920,0,93,'request của bạn đâu đính kèm token','2020-09-06 12:03:30','2020-09-06 12:03:30'),(1921,0,76,'Dạ ID người gửi là lấy từ Auth::user->id','2020-09-06 12:03:58','2020-09-06 12:03:58'),(1922,0,93,'Mình đang nói ở tầng mạng bạn ơi','2020-09-06 12:04:36','2020-09-06 12:04:36'),(1923,0,117,'Hello','2020-09-06 12:04:38','2020-09-06 12:04:38'),(1924,0,76,'Dạ vâng. Vậy em hiểu sai ý anh rồi','2020-09-06 12:05:20','2020-09-06 12:05:20'),(1925,0,76,'hihi','2020-09-06 12:05:21','2020-09-06 12:05:21'),(1926,0,118,'Hello world','2020-09-06 12:05:30','2020-09-06 12:05:30'),(1927,0,118,'Nhìn hay quá','2020-09-06 12:06:03','2020-09-06 12:06:03'),(1928,0,76,'Cod này em báo cáo xong','2020-09-06 12:06:38','2020-09-06 12:06:38'),(1929,0,76,'Em share cho mọi người','2020-09-06 12:06:47','2020-09-06 12:06:47'),(1930,0,118,'Bác sài signalR hay socketIo','2020-09-06 12:08:25','2020-09-06 12:08:25'),(1931,1956963596,119,'hlloe','2020-09-06 12:09:00','2020-09-06 12:09:00'),(1932,2963104180,119,'fghmj','2020-09-06 12:09:12','2020-09-06 12:09:12'),(1933,3362973902,119,'sdvf','2020-09-06 12:09:19','2020-09-06 12:09:19'),(1934,3362973902,119,'asf','2020-09-06 12:09:20','2020-09-06 12:09:20'),(1935,0,121,'Test','2020-09-06 12:09:45','2020-09-06 12:09:45'),(1936,0,76,'socketIo ạ','2020-09-06 12:10:02','2020-09-06 12:10:02'),(1937,0,119,'...','2020-09-06 12:11:11','2020-09-06 12:11:11'),(1938,0,97,'code thêm đi hé','2020-09-06 12:11:31','2020-09-06 12:11:31'),(1939,0,97,'project sơ sài quá','2020-09-06 12:11:47','2020-09-06 12:11:47'),(1940,0,119,'cái update hơi sai sai :3','2020-09-06 12:11:49','2020-09-06 12:11:49'),(1941,0,97,'thiếu tính năng','2020-09-06 12:11:55','2020-09-06 12:11:55'),(1942,2979949765,119,'mai','2020-09-06 12:12:16','2020-09-06 12:12:16'),(1943,0,97,'làm cho đủ tính năng đi','2020-09-06 12:12:33','2020-09-06 12:12:33'),(1944,0,122,'Alo','2020-09-06 12:12:55','2020-09-06 12:12:55'),(1945,0,118,'Ngon ngon măm','2020-09-06 12:14:04','2020-09-06 12:14:04'),(1946,0,118,'Măm','2020-09-06 12:14:05','2020-09-06 12:14:05'),(1947,0,76,'đói bụng quá','2020-09-06 12:16:18','2020-09-06 12:16:18'),(1948,0,123,'Test','2020-09-06 12:16:52','2020-09-06 12:16:52'),(1949,0,124,'Hello','2020-09-06 12:16:55','2020-09-06 12:16:55'),(1950,0,125,'test','2020-09-06 12:17:19','2020-09-06 12:17:19'),(1951,0,126,'Giống zalo rồi đấy :)))','2020-09-06 12:20:57','2020-09-06 12:20:57'),(1952,0,76,'Giống cái UI','2020-09-06 12:21:06','2020-09-06 12:21:06'),(1953,0,76,'^^','2020-09-06 12:21:07','2020-09-06 12:21:07'),(1954,2578342068,127,'hi','2020-09-06 12:21:35','2020-09-06 12:21:35'),(1955,0,127,'123','2020-09-06 12:21:44','2020-09-06 12:21:44'),(1956,0,118,'Hello','2020-09-06 12:21:47','2020-09-06 12:21:47'),(1957,0,127,'lolo','2020-09-06 12:21:51','2020-09-06 12:21:51'),(1958,0,126,'Mới có room chat thôi cũng hơi đơn giản nhỉ :D','2020-09-06 12:21:59','2020-09-06 12:21:59'),(1959,0,76,'Hello các anh','2020-09-06 12:22:04','2020-09-06 12:22:04'),(1960,0,76,'Dạ có chat 1-1 dc ạ','2020-09-06 12:22:11','2020-09-06 12:22:11'),(1961,0,118,'Thấy server cũng nhanh ghê','2020-09-06 12:22:21','2020-09-06 12:22:21'),(1962,0,76,'Chat 1-1 làm khó hơn room chat xíu','2020-09-06 12:22:24','2020-09-06 12:22:24'),(1963,0,76,'hihi','2020-09-06 12:22:26','2020-09-06 12:22:26'),(1964,0,118,'Máy local ở nhà hả bác','2020-09-06 12:22:35','2020-09-06 12:22:35'),(1965,2591967391,127,'123','2020-09-06 12:22:40','2020-09-06 12:22:40'),(1966,0,76,'Máy của google','2020-09-06 12:22:47','2020-09-06 12:22:47'),(1967,0,76,'^^','2020-09-06 12:22:48','2020-09-06 12:22:48'),(1968,1698591143,118,'Hi a trai','2020-09-06 12:22:50','2020-09-06 12:22:50'),(1969,2578342068,127,'llll','2020-09-06 12:22:51','2020-09-06 12:22:51'),(1970,0,126,'Nói chung là cũng nuột rồi :))','2020-09-06 12:22:55','2020-09-06 12:22:55'),(1971,0,76,'Đăng ký google payment','2020-09-06 12:23:10','2020-09-06 12:23:10'),(1972,0,76,'Dc 300 đô','2020-09-06 12:23:14','2020-09-06 12:23:14'),(1973,0,118,'Server mạnh ghê','2020-09-06 12:23:19','2020-09-06 12:23:19'),(1974,0,127,'1234567','2020-09-06 12:23:22','2020-09-06 12:23:22'),(1975,0,118,'mình cũng có cái web hoho','2020-09-06 12:23:31','2020-09-06 12:23:31'),(1976,0,126,'Có notification nữa thì good','2020-09-06 12:23:33','2020-09-06 12:23:33'),(1977,0,76,'Dạ còn nhìu thứ lắm','2020-09-06 12:24:13','2020-09-06 12:24:13'),(1978,0,76,'Em sẽ code thêm','2020-09-06 12:24:21','2020-09-06 12:24:21'),(1979,0,76,'tại tg gấp quá','2020-09-06 12:24:26','2020-09-06 12:24:26'),(1980,0,126,'Goodluck em :D','2020-09-06 12:24:59','2020-09-06 12:24:59'),(1981,0,76,'Có chạy dc IP. Nên em bỏ login facebook & google ra','2020-09-06 12:25:06','2020-09-06 12:25:06'),(1982,0,76,'Hình như họ ko cho xài IP','2020-09-06 12:25:13','2020-09-06 12:25:13'),(1983,0,76,'nữa em demo đồ án trên local','2020-09-06 12:25:24','2020-09-06 12:25:24'),(1984,0,76,'Em cảm ơn anh ạ','2020-09-06 12:25:29','2020-09-06 12:25:29'),(1985,1277472910,76,'hi','2020-09-06 12:25:33','2020-09-06 12:25:33'),(1986,0,129,'Hi','2020-09-06 12:25:47','2020-09-06 12:25:47'),(1987,3937303911,93,'1','2020-09-06 12:26:15','2020-09-06 12:26:15'),(1988,3937303911,93,'1','2020-09-06 12:26:49','2020-09-06 12:26:49'),(1989,0,93,'1','2020-09-06 12:27:15','2020-09-06 12:27:15'),(1990,0,93,'1','2020-09-06 12:27:27','2020-09-06 12:27:27'),(1991,0,76,'Sao anh chat 1 hoài vậy','2020-09-06 12:27:28','2020-09-06 12:27:28'),(1992,0,76,'Bộ hack dc gì rồi hả','2020-09-06 12:27:35','2020-09-06 12:27:35'),(1993,0,76,'Nói em fix với','2020-09-06 12:27:42','2020-09-06 12:27:42'),(1994,0,93,'1','2020-09-06 12:27:44','2020-09-06 12:27:44'),(1995,0,76,'1','2020-09-06 12:27:57','2020-09-06 12:27:57'),(1996,0,131,'?','2020-09-06 12:29:42','2020-09-06 12:29:42'),(1997,0,131,'Gi đây','2020-09-06 12:29:47','2020-09-06 12:29:47'),(1998,0,132,'hj','2020-09-06 12:33:47','2020-09-06 12:33:47'),(1999,0,93,'đang test bạn','2020-09-06 12:34:39','2020-09-06 12:34:39'),(2000,0,76,'push qua socket hả anh','2020-09-06 12:34:51','2020-09-06 12:34:51'),(2001,0,76,'thôi đừng push qua socket','2020-09-06 12:35:01','2020-09-06 12:35:01'),(2002,0,118,'Để mấy a vào thể hiện vạch lá tìm sâu','2020-09-06 12:35:56','2020-09-06 12:35:56'),(2003,0,118,'=))','2020-09-06 12:36:01','2020-09-06 12:36:01'),(2004,0,76,'^^','2020-09-06 12:36:01','2020-09-06 12:36:01'),(2005,0,76,'kaka','2020-09-06 12:36:04','2020-09-06 12:36:04'),(2006,0,76,'Hiểu ý anh PV nói rồi','2020-09-06 12:36:15','2020-09-06 12:36:15'),(2007,0,76,'Socket e nhận cả message','2020-09-06 12:36:24','2020-09-06 12:36:24'),(2008,0,76,'Đáng ký phải load lại message từ server','2020-09-06 12:36:41','2020-09-06 12:36:41'),(2009,0,118,'Riêng mấy anh s mình k biết chứ mình thấy nv thì bạn đả good hơn mình xưa nhiều r','2020-09-06 12:36:55','2020-09-06 12:36:55'),(2010,0,93,'test2','2020-09-06 12:38:53','2020-09-06 12:38:53'),(2011,0,76,'Dạ em cảm ơn anh.','2020-09-06 12:40:16','2020-09-06 12:40:16'),(2012,0,76,'Vừa study vừa code nên mới làm dc bao nhiêu','2020-09-06 12:41:24','2020-09-06 12:41:24'),(2013,1277987627,134,'1','2020-09-06 12:41:27','2020-09-06 12:41:27'),(2014,1360101387,134,'1','2020-09-06 12:41:33','2020-09-06 12:41:33'),(2015,1336185122,134,'1','2020-09-06 12:41:37','2020-09-06 12:41:37'),(2016,3866974012,134,'1','2020-09-06 12:41:41','2020-09-06 12:41:41'),(2017,3431297153,134,'1','2020-09-06 12:41:48','2020-09-06 12:41:48'),(2018,0,93,'test3','2020-09-06 12:44:39','2020-09-06 12:44:39'),(2019,0,93,'bạn chat giúp mình 1 tin với','2020-09-06 12:45:21','2020-09-06 12:45:21'),(2020,0,76,'dạ','2020-09-06 12:45:35','2020-09-06 12:45:35'),(2021,3937303911,93,'1','2020-09-06 12:47:47','2020-09-06 12:47:47'),(2022,0,136,'kjkj','2020-09-06 12:47:47','2020-09-06 12:47:47'),(2023,0,136,'kjjkj','2020-09-06 12:47:51','2020-09-06 12:47:51'),(2024,0,136,'hjkhljlkjk','2020-09-06 12:47:53','2020-09-06 12:47:53'),(2025,0,136,'kjljlkjl','2020-09-06 12:47:56','2020-09-06 12:47:56'),(2026,0,136,'jljl','2020-09-06 12:47:58','2020-09-06 12:47:58'),(2027,3937303911,93,'123','2020-09-06 12:48:06','2020-09-06 12:48:06'),(2028,491069831,136,'fh','2020-09-06 12:48:09','2020-09-06 12:48:09'),(2029,3937303911,93,'1','2020-09-06 12:48:39','2020-09-06 12:48:39'),(2030,3937303911,93,'1','2020-09-06 12:48:49','2020-09-06 12:48:49'),(2031,3937303911,93,'1','2020-09-06 12:49:00','2020-09-06 12:49:00'),(2032,3937303911,93,'1','2020-09-06 12:49:03','2020-09-06 12:49:03'),(2033,3937303911,93,'1','2020-09-06 12:49:06','2020-09-06 12:49:06'),(2034,3937303911,93,'1','2020-09-06 12:50:04','2020-09-06 12:50:04'),(2035,0,93,'1','2020-09-06 12:50:31','2020-09-06 12:50:31'),(2036,0,93,'1','2020-09-06 12:50:45','2020-09-06 12:50:45'),(2037,0,93,'1','2020-09-06 12:51:41','2020-09-06 12:51:41'),(2038,0,93,'1','2020-09-06 12:51:48','2020-09-06 12:51:48'),(2039,0,135,'Alo','2020-09-06 12:56:20','2020-09-06 12:56:20'),(2040,0,137,'Cool','2020-09-06 12:56:54','2020-09-06 12:56:54'),(2041,0,93,'bạn Phong Nguyen ở đấy nữa ko?','2020-09-06 12:56:54','2020-09-06 12:56:54'),(2042,0,76,'Da5','2020-09-06 12:57:50','2020-09-06 12:57:50'),(2043,0,76,'Em nè anh','2020-09-06 12:57:56','2020-09-06 12:57:56'),(2044,0,76,'Anh push vậy là ko dc rồi','2020-09-06 12:58:03','2020-09-06 12:58:03'),(2045,0,76,'sao lại push thẳng socket như thế','2020-09-06 12:58:20','2020-09-06 12:58:20'),(2046,0,135,'Hoàn thiện báo cáo dần đi, còn thời gian thì thêm chức nắng','2020-09-06 12:59:54','2020-09-06 12:59:54'),(2047,0,135,'ko thì thôi','2020-09-06 13:00:00','2020-09-06 13:00:00'),(2048,0,76,'Dạ anh','2020-09-06 13:00:03','2020-09-06 13:00:03'),(2049,0,76,'HIHi','2020-09-06 13:00:04','2020-09-06 13:00:04'),(2050,0,135,'Làm cái nào ngon cái đó','2020-09-06 13:00:08','2020-09-06 13:00:08'),(2051,0,76,'Để em fixbug cái','2020-09-06 13:00:20','2020-09-06 13:00:20'),(2052,0,76,'kaka','2020-09-06 13:00:22','2020-09-06 13:00:22'),(2053,0,76,'Bị anh kia push trực tiếp socket rồi','2020-09-06 13:00:29','2020-09-06 13:00:29'),(2054,0,135,'Ko cần quá nhiều, nhưng chạy là phải ngon, cố làm nhiều nếu có lỗi thì lại ăn đòn đó','2020-09-06 13:00:40','2020-09-06 13:00:40'),(2055,0,93,'Cơ chế bạn sai mie rồi','2020-09-06 13:00:50','2020-09-06 13:00:50'),(2056,0,93,'Bạn trả lời giúp mình tại sao lại ko đc push trực tiếp bằng socket','2020-09-06 13:01:08','2020-09-06 13:01:08'),(2057,0,76,'Dạ dc chứ','2020-09-06 13:01:19','2020-09-06 13:01:19'),(2058,0,135,'Đang lưu ở DB nào thế','2020-09-06 13:01:21','2020-09-06 13:01:21'),(2059,0,76,'Em đang fix đây','2020-09-06 13:01:23','2020-09-06 13:01:23'),(2060,0,76,'kaka','2020-09-06 13:01:33','2020-09-06 13:01:33'),(2061,0,93,'Bạn dùng socket mà bạn lại push tin nhắn bằng restful api đã sai về mặt performance rồi','2020-09-06 13:01:44','2020-09-06 13:01:44'),(2062,0,135,'Socket thì còn dùng api làm gì','2020-09-06 13:02:08','2020-09-06 13:02:08'),(2063,0,93,'Chưa kể người khác join vào socket của bạn chẳng cần xác thực gì','2020-09-06 13:02:18','2020-09-06 13:02:18'),(2064,0,135,'Api chỉ get thông tin thôi','2020-09-06 13:02:19','2020-09-06 13:02:19'),(2065,0,76,'Dạ vâng','2020-09-06 13:02:43','2020-09-06 13:02:43'),(2066,0,76,'Để em check lại chổ socket','2020-09-06 13:02:49','2020-09-06 13:02:49'),(2067,0,76,'Ko push data qua đó nữa','2020-09-06 13:02:56','2020-09-06 13:02:56'),(2068,0,76,'hihi','2020-09-06 13:02:58','2020-09-06 13:02:58'),(2069,0,93,'1','2020-09-06 13:03:16','2020-09-06 13:03:16'),(2070,0,138,'Sed modi aut qui in','2020-09-06 13:10:41','2020-09-06 13:10:41'),(2071,1366479505,138,'Fugit commodo possi','2020-09-06 13:11:16','2020-09-06 13:11:16'),(2072,3506784921,138,'Sint dolorem optio','2020-09-06 13:11:21','2020-09-06 13:11:21'),(2073,288375205,138,'Totam tempora tempor','2020-09-06 13:11:24','2020-09-06 13:11:24'),(2074,2814073762,138,'Totam cillum et elit','2020-09-06 13:11:27','2020-09-06 13:11:27'),(2075,0,139,'Ờ','2020-09-06 13:11:56','2020-09-06 13:11:56'),(2076,0,131,'?','2020-09-06 13:16:11','2020-09-06 13:16:11'),(2077,0,131,'2','2020-09-06 13:17:12','2020-09-06 13:17:12'),(2078,0,140,'Hello','2020-09-06 13:18:22','2020-09-06 13:18:22'),(2079,0,93,'1','2020-09-06 13:20:20','2020-09-06 13:20:20'),(2080,0,76,'Em chào mọi người','2020-09-06 13:20:49','2020-09-06 13:20:49'),(2081,0,76,'Ạ','2020-09-06 13:20:51','2020-09-06 13:20:51'),(2082,0,93,'1','2020-09-06 13:21:01','2020-09-06 13:21:01'),(2083,0,131,'test','2020-09-06 13:21:18','2020-09-06 13:21:18'),(2084,0,93,'1','2020-09-06 13:21:21','2020-09-06 13:21:21'),(2085,0,93,'1','2020-09-06 13:21:37','2020-09-06 13:21:37'),(2086,0,131,'test','2020-09-06 13:21:42','2020-09-06 13:21:42'),(2087,0,93,'1','2020-09-06 13:22:29','2020-09-06 13:22:29'),(2088,0,141,'test','2020-09-06 13:22:57','2020-09-06 13:22:57'),(2089,0,141,'...','2020-09-06 13:23:07','2020-09-06 13:23:07'),(2090,0,141,'?','2020-09-06 13:23:18','2020-09-06 13:23:18'),(2091,0,141,'^&^&^&^**-','2020-09-06 13:23:21','2020-09-06 13:23:21'),(2092,0,93,'bạn tư duy kiểu này sai best practices rồi','2020-09-06 13:23:50','2020-09-06 13:23:50'),(2093,0,76,'dạ hihi','2020-09-06 13:24:03','2020-09-06 13:24:03'),(2094,0,76,'Em sẽ xác thực bên socket nữa','2020-09-06 13:24:09','2020-09-06 13:24:09'),(2095,0,76,'Cảm ơn anh chị đã góp chị cho em ạ','2020-09-06 13:24:47','2020-09-06 13:24:47'),(2096,0,93,'Mình có thể phá bạn tiếp nhưng thôi hôm nay đủ rồi.','2020-09-06 13:25:05','2020-09-06 13:25:05'),(2097,0,76,'Dạ','2020-09-06 13:25:34','2020-09-06 13:25:34'),(2098,0,142,'Trông cũng ngon đấy ?','2020-09-06 13:25:34','2020-09-06 13:25:34'),(2099,0,76,'Báo cáo luận văn xong','2020-09-06 13:25:39','2020-09-06 13:25:39'),(2100,0,76,'em sẽ làm cơ chế chống spam','2020-09-06 13:25:46','2020-09-06 13:25:46'),(2101,0,76,'xác thực bên nodejs luôn ạ','2020-09-06 13:25:54','2020-09-06 13:25:54'),(2102,0,76,'hiện tại chưa có làm','2020-09-06 13:26:00','2020-09-06 13:26:00'),(2103,0,142,'Nhưng đề tài rộng quá nên thấy nó vẫn hơi thiếu','2020-09-06 13:26:17','2020-09-06 13:26:17'),(2104,0,142,'Nhưng vậy là quá êm r :D','2020-09-06 13:26:28','2020-09-06 13:26:28'),(2105,0,93,'spam thì phải handle ở tầng network bạn là developer chỉ handle ở tầng ứng dụng thôi.','2020-09-06 13:26:52','2020-09-06 13:26:52'),(2106,0,93,'Cái đấy ko cần thiết','2020-09-06 13:27:11','2020-09-06 13:27:11'),(2107,0,76,'Dạ chắc là xác thực socket là cần thiết','2020-09-06 13:27:42','2020-09-06 13:27:42'),(2108,0,76,'Để em code thêm bên đó','2020-09-06 13:27:57','2020-09-06 13:27:57'),(2109,0,76,'Cảm ơn anh nhiều ạ','2020-09-06 13:28:00','2020-09-06 13:28:00'),(2110,0,93,'quan trọng ở đây mình thấy thiết kế luồng dữ liệu bạn đang sai,','2020-09-06 13:28:04','2020-09-06 13:28:04'),(2111,3937303911,93,'1','2020-09-06 13:28:26','2020-09-06 13:28:26'),(2112,0,76,'Chổ nào vậy anh, nhờ nah tư vấn giúp em luôn được không >','2020-09-06 13:28:31','2020-09-06 13:28:31'),(2113,3937303911,93,'1','2020-09-06 13:29:00','2020-09-06 13:29:00'),(2114,0,76,'Anh tên TEST phía trên','2020-09-06 13:29:20','2020-09-06 13:29:20'),(2115,0,76,'Em cảm ơn anh ạ','2020-09-06 13:29:24','2020-09-06 13:29:24'),(2116,0,76,'^^','2020-09-06 13:29:25','2020-09-06 13:29:25'),(2117,0,141,'HAHALOLO','2020-09-06 13:29:40','2020-09-06 13:29:40'),(2118,0,141,'LOLOHAHA','2020-09-06 13:29:53','2020-09-06 13:29:53'),(2119,0,141,'LOLO','2020-09-06 13:30:34','2020-09-06 13:30:34'),(2120,0,141,'HAHA','2020-09-06 13:30:35','2020-09-06 13:30:35'),(2121,0,141,'HAHA','2020-09-06 13:30:39','2020-09-06 13:30:39'),(2122,0,141,'HAHA','2020-09-06 13:30:43','2020-09-06 13:30:43'),(2123,0,141,'HAHA','2020-09-06 13:30:43','2020-09-06 13:30:43'),(2124,0,141,'HAHA','2020-09-06 13:30:44','2020-09-06 13:30:44'),(2125,0,141,'HAHA','2020-09-06 13:30:44','2020-09-06 13:30:44'),(2126,0,141,'HAHA','2020-09-06 13:30:44','2020-09-06 13:30:44'),(2127,0,141,'HAHA','2020-09-06 13:30:45','2020-09-06 13:30:45'),(2128,0,141,'HAHA','2020-09-06 13:30:45','2020-09-06 13:30:45'),(2129,0,141,'HAHA','2020-09-06 13:30:46','2020-09-06 13:30:46'),(2130,0,141,'HAHA','2020-09-06 13:30:46','2020-09-06 13:30:46'),(2131,0,141,'HAHA','2020-09-06 13:30:46','2020-09-06 13:30:46'),(2132,0,141,'HAHA','2020-09-06 13:30:47','2020-09-06 13:30:47'),(2133,0,141,'HAHA','2020-09-06 13:30:47','2020-09-06 13:30:47'),(2134,0,141,'HAHA','2020-09-06 13:30:47','2020-09-06 13:30:47'),(2135,0,141,'HAHA','2020-09-06 13:30:48','2020-09-06 13:30:48'),(2136,0,141,'HAHA','2020-09-06 13:30:48','2020-09-06 13:30:48'),(2137,0,141,'HAHA','2020-09-06 13:30:48','2020-09-06 13:30:48'),(2138,0,141,'HAHA','2020-09-06 13:30:49','2020-09-06 13:30:49'),(2139,0,141,'HAHA','2020-09-06 13:30:49','2020-09-06 13:30:49'),(2140,0,141,'HAHA','2020-09-06 13:30:49','2020-09-06 13:30:49'),(2141,0,141,'HAHA','2020-09-06 13:30:50','2020-09-06 13:30:50'),(2142,0,141,'HAHA','2020-09-06 13:30:50','2020-09-06 13:30:50'),(2143,0,141,'HAHA','2020-09-06 13:30:50','2020-09-06 13:30:50'),(2144,0,141,'HAHA','2020-09-06 13:30:51','2020-09-06 13:30:51'),(2145,0,141,'HAHA','2020-09-06 13:30:51','2020-09-06 13:30:51'),(2146,0,141,'HAHA','2020-09-06 13:30:52','2020-09-06 13:30:52'),(2147,0,141,'HAHA','2020-09-06 13:30:52','2020-09-06 13:30:52'),(2148,0,141,'HAHA','2020-09-06 13:30:52','2020-09-06 13:30:52'),(2149,0,141,'HAHA','2020-09-06 13:30:53','2020-09-06 13:30:53'),(2150,0,141,'HAHA','2020-09-06 13:30:53','2020-09-06 13:30:53'),(2151,0,141,'HAHA','2020-09-06 13:30:54','2020-09-06 13:30:54'),(2152,0,141,'HAHA','2020-09-06 13:30:54','2020-09-06 13:30:54'),(2153,0,141,'HAHA','2020-09-06 13:30:54','2020-09-06 13:30:54'),(2154,0,141,'HAHA','2020-09-06 13:30:55','2020-09-06 13:30:55'),(2155,0,141,'HAHA','2020-09-06 13:30:55','2020-09-06 13:30:55'),(2156,0,141,'HAHA','2020-09-06 13:30:56','2020-09-06 13:30:56'),(2157,0,141,'HAHA','2020-09-06 13:30:56','2020-09-06 13:30:56'),(2158,0,141,'HAHA','2020-09-06 13:30:56','2020-09-06 13:30:56'),(2159,0,141,'HAHA','2020-09-06 13:30:57','2020-09-06 13:30:57'),(2160,0,141,'HAHA','2020-09-06 13:30:57','2020-09-06 13:30:57'),(2161,0,141,'HAHA','2020-09-06 13:30:58','2020-09-06 13:30:58'),(2162,0,141,'HAHA','2020-09-06 13:30:58','2020-09-06 13:30:58'),(2163,0,141,'HAHA','2020-09-06 13:30:59','2020-09-06 13:30:59'),(2164,0,141,'HAHA','2020-09-06 13:30:59','2020-09-06 13:30:59'),(2165,0,141,'HAHA','2020-09-06 13:30:59','2020-09-06 13:30:59'),(2166,0,141,'HAHA','2020-09-06 13:31:00','2020-09-06 13:31:00'),(2167,0,141,'HAHA','2020-09-06 13:31:01','2020-09-06 13:31:01'),(2168,0,141,'HAHA','2020-09-06 13:31:02','2020-09-06 13:31:02'),(2169,0,141,'HAHA','2020-09-06 13:31:03','2020-09-06 13:31:03'),(2170,0,141,'HAHA','2020-09-06 13:31:04','2020-09-06 13:31:04'),(2171,0,141,'HAHA','2020-09-06 13:31:05','2020-09-06 13:31:05'),(2172,0,141,'HAHA','2020-09-06 13:31:05','2020-09-06 13:31:05'),(2173,0,141,'HAHA','2020-09-06 13:31:06','2020-09-06 13:31:06'),(2174,0,141,'HAHA','2020-09-06 13:31:07','2020-09-06 13:31:07'),(2175,0,141,'HAHA','2020-09-06 13:31:08','2020-09-06 13:31:08'),(2176,0,141,'HAHA','2020-09-06 13:31:09','2020-09-06 13:31:09'),(2177,0,141,'LOLO','2020-09-06 13:31:12','2020-09-06 13:31:12'),(2178,0,141,'LOLO','2020-09-06 13:31:13','2020-09-06 13:31:13'),(2179,0,141,'LOLO','2020-09-06 13:31:14','2020-09-06 13:31:14'),(2180,0,141,'LOLO','2020-09-06 13:31:14','2020-09-06 13:31:14'),(2181,0,141,'LOLO','2020-09-06 13:31:14','2020-09-06 13:31:14'),(2182,0,143,'alo','2020-09-06 13:31:49','2020-09-06 13:31:49'),(2183,0,143,'<script>alert(1)</script>','2020-09-06 13:32:01','2020-09-06 13:32:01'),(2184,0,143,'\'','2020-09-06 13:32:25','2020-09-06 13:32:25'),(2185,0,141,'HOHOLALA','2020-09-06 13:32:32','2020-09-06 13:32:32'),(2186,0,141,'LALAHOHO','2020-09-06 13:32:34','2020-09-06 13:32:34'),(2187,0,141,'Cái xô','2020-09-06 13:32:41','2020-09-06 13:32:41'),(2188,0,144,'?','2020-09-06 13:33:13','2020-09-06 13:33:13'),(2189,0,144,'dep cai web nay di','2020-09-06 13:33:19','2020-09-06 13:33:19'),(2190,0,76,'hix hix từ từ hoàn thiện mà','2020-09-06 13:33:58','2020-09-06 13:33:58'),(2191,0,145,'.','2020-09-06 13:36:28','2020-09-06 13:36:28'),(2192,0,144,'test test test','2020-09-06 13:37:01','2020-09-06 13:37:01'),(2193,0,144,'alo alo alo','2020-09-06 13:37:03','2020-09-06 13:37:03'),(2194,0,144,'co ai o day khong zay','2020-09-06 13:37:16','2020-09-06 13:37:16'),(2195,0,76,'Dạ anh','2020-09-06 13:37:23','2020-09-06 13:37:23'),(2196,0,146,'ll','2020-09-06 13:40:48','2020-09-06 13:40:48'),(2197,0,144,'&^&^&^&%&$&^*)*(*)(*)(*)(*)(<?php ?>','2020-09-06 13:43:01','2020-09-06 13:43:01'),(2198,0,144,'<?php echo \'111\'\'?>','2020-09-06 13:43:09','2020-09-06 13:43:09'),(2199,0,144,'<script></script>','2020-09-06 13:43:18','2020-09-06 13:43:18'),(2200,0,144,'<script>test','2020-09-06 13:43:22','2020-09-06 13:43:22'),(2201,0,144,'https://www.youtube.com/watch?v=LEoGQU_k78k','2020-09-06 13:46:46','2020-09-06 13:46:46'),(2202,0,77,'p','2020-09-06 13:48:21','2020-09-06 13:48:21'),(2203,0,77,'hihihihihihihihihihihihih','2020-09-06 13:48:30','2020-09-06 13:48:30'),(2204,0,144,'Spam','2020-09-06 13:54:10','2020-09-06 13:54:10'),(2205,0,144,'ai lam ra cai web nay vay','2020-09-06 13:54:25','2020-09-06 13:54:25'),(2206,0,144,'ai lam ra cai web nay vayai lam ra cai web nay vayai lam ra cai web nay vayai lam ra cai web nay vayai lam ra cai web nay vayai lam ra cai web nay vayai lam ra cai web nay vayai lam ra cai web nay vayai lam ra cai web nay vayai lam ra cai web nay vayai lam ra cai web nay vay','2020-09-06 13:54:30','2020-09-06 13:54:30'),(2207,0,144,'ai lam ra cai web nay vay','2020-09-06 13:54:32','2020-09-06 13:54:32'),(2208,0,76,'Dạ mấy anh đừng spam em','2020-09-06 13:55:24','2020-09-06 13:55:24'),(2209,0,76,'Em chỉ demo thôi ạ','2020-09-06 13:55:28','2020-09-06 13:55:28'),(2210,1078759962,147,'fuckyou guy','2020-09-06 13:56:19','2020-09-06 13:56:19'),(2211,0,147,'Good đó.','2020-09-06 13:56:51','2020-09-06 13:56:51'),(2212,0,144,'test','2020-09-06 13:57:08','2020-09-06 13:57:08'),(2213,0,144,'test','2020-09-06 13:57:09','2020-09-06 13:57:09'),(2214,0,144,'test','2020-09-06 13:57:11','2020-09-06 13:57:11'),(2215,0,144,'test','2020-09-06 13:57:12','2020-09-06 13:57:12'),(2216,0,148,'34234234723847923','2020-09-06 13:57:58','2020-09-06 13:57:58'),(2217,0,148,'?','2020-09-06 13:58:00','2020-09-06 13:58:00'),(2218,0,149,'Tét1','2020-09-06 14:07:19','2020-09-06 14:07:19'),(2219,78047000,148,'Hi','2020-09-06 14:07:35','2020-09-06 14:07:35'),(2220,78047000,76,'hi','2020-09-06 14:07:54','2020-09-06 14:07:54'),(2221,78047000,148,'Sao r','2020-09-06 14:07:57','2020-09-06 14:07:57'),(2222,78047000,148,'Mọi chuyện ổn không','2020-09-06 14:08:03','2020-09-06 14:08:03'),(2223,78047000,76,'Cũng ổn','2020-09-06 14:08:11','2020-09-06 14:08:11'),(2224,78047000,76,'Mong là sẽ qua','2020-09-06 14:08:16','2020-09-06 14:08:16'),(2225,78047000,76,'kaka','2020-09-06 14:08:17','2020-09-06 14:08:17'),(2226,78047000,148,'Thì mong là vậy','2020-09-06 14:08:21','2020-09-06 14:08:21'),(2227,78047000,148,'Good','2020-09-06 14:08:24','2020-09-06 14:08:24'),(2228,78047000,148,'godd','2020-09-06 14:08:25','2020-09-06 14:08:25'),(2229,78047000,148,'34','2020-09-06 14:08:25','2020-09-06 14:08:25'),(2230,78047000,148,'fd','2020-09-06 14:08:26','2020-09-06 14:08:26'),(2231,78047000,148,'fsd','2020-09-06 14:08:26','2020-09-06 14:08:26'),(2232,78047000,148,'fsd','2020-09-06 14:08:26','2020-09-06 14:08:26'),(2233,78047000,148,'34','2020-09-06 14:08:26','2020-09-06 14:08:26'),(2234,78047000,148,'324','2020-09-06 14:08:26','2020-09-06 14:08:26'),(2235,78047000,148,'23','2020-09-06 14:08:27','2020-09-06 14:08:27'),(2236,78047000,148,'23','2020-09-06 14:08:27','2020-09-06 14:08:27'),(2237,78047000,148,'few','2020-09-06 14:08:27','2020-09-06 14:08:27'),(2238,78047000,148,'ew','2020-09-06 14:08:28','2020-09-06 14:08:28'),(2239,78047000,148,'ew','2020-09-06 14:08:28','2020-09-06 14:08:28'),(2240,78047000,148,'rew','2020-09-06 14:08:28','2020-09-06 14:08:28'),(2241,78047000,148,'rwe','2020-09-06 14:08:28','2020-09-06 14:08:28'),(2242,78047000,148,'ew','2020-09-06 14:08:28','2020-09-06 14:08:28'),(2243,78047000,148,'r','2020-09-06 14:08:28','2020-09-06 14:08:28'),(2244,78047000,148,'ewr','2020-09-06 14:08:29','2020-09-06 14:08:29'),(2245,78047000,148,'ew','2020-09-06 14:08:29','2020-09-06 14:08:29'),(2246,78047000,148,'e','2020-09-06 14:08:29','2020-09-06 14:08:29'),(2247,78047000,148,'ẻ4','2020-09-06 14:08:30','2020-09-06 14:08:30'),(2248,78047000,148,'234','2020-09-06 14:08:30','2020-09-06 14:08:30'),(2249,78047000,148,'32','2020-09-06 14:08:30','2020-09-06 14:08:30'),(2250,78047000,148,'432','2020-09-06 14:08:30','2020-09-06 14:08:30'),(2251,78047000,148,'423','2020-09-06 14:08:30','2020-09-06 14:08:30'),(2252,78047000,148,'e12[o212p1o2[p','2020-09-06 14:08:32','2020-09-06 14:08:32'),(2253,78047000,148,'sao r các bn','2020-09-06 14:08:36','2020-09-06 14:08:36'),(2254,78047000,148,'thấy ổn hem','2020-09-06 14:08:39','2020-09-06 14:08:39'),(2255,78047000,76,'^^','2020-09-06 14:08:42','2020-09-06 14:08:42'),(2256,0,148,'<?php echo 1; ?>','2020-09-06 14:09:05','2020-09-06 14:09:05'),(2257,0,148,'<script>alert(\'ok\') </script>','2020-09-06 14:09:21','2020-09-06 14:09:21'),(2258,0,148,'web hay day','2020-09-06 14:09:27','2020-09-06 14:09:27'),(2259,0,148,'ai lam vay','2020-09-06 14:09:31','2020-09-06 14:09:31'),(2260,0,76,'dạ em cảm ơn anh','2020-09-06 14:09:45','2020-09-06 14:09:45');

/*Table structure for table `migrations` */

DROP TABLE IF EXISTS `migrations`;

CREATE TABLE `migrations` (
  `id` int(10) unsigned NOT NULL AUTO_INCREMENT,
  `migration` varchar(255) COLLATE utf8mb4_unicode_ci NOT NULL,
  `batch` int(11) NOT NULL,
  PRIMARY KEY (`id`)
) ENGINE=InnoDB AUTO_INCREMENT=5 DEFAULT CHARSET=utf8mb4 COLLATE=utf8mb4_unicode_ci;

/*Data for the table `migrations` */

insert  into `migrations`(`id`,`migration`,`batch`) values (1,'2014_10_12_000000_create_users_table',1),(2,'2014_10_12_100000_create_password_resets_table',1),(3,'2019_08_19_000000_create_failed_jobs_table',1),(4,'2020_08_31_090212_add_google_id_column',2);

/*Table structure for table `password_resets` */

DROP TABLE IF EXISTS `password_resets`;

CREATE TABLE `password_resets` (
  `email` varchar(255) COLLATE utf8mb4_unicode_ci NOT NULL,
  `token` varchar(255) COLLATE utf8mb4_unicode_ci NOT NULL,
  `created_at` timestamp NULL DEFAULT NULL,
  KEY `password_resets_email_index` (`email`)
) ENGINE=InnoDB DEFAULT CHARSET=utf8mb4 COLLATE=utf8mb4_unicode_ci;

/*Data for the table `password_resets` */

/*Table structure for table `users` */

DROP TABLE IF EXISTS `users`;

CREATE TABLE `users` (
  `id` bigint(20) unsigned NOT NULL AUTO_INCREMENT,
  `name` varchar(255) COLLATE utf8mb4_unicode_ci DEFAULT NULL,
  `avatar` varchar(100) COLLATE utf8mb4_unicode_ci DEFAULT NULL,
  `email` varchar(255) COLLATE utf8mb4_unicode_ci DEFAULT NULL,
  `email_verified_at` timestamp NULL DEFAULT NULL,
  `password` varchar(255) COLLATE utf8mb4_unicode_ci DEFAULT NULL,
  `remember_token` varchar(100) COLLATE utf8mb4_unicode_ci DEFAULT NULL,
  `created_at` timestamp NULL DEFAULT NULL,
  `updated_at` timestamp NULL DEFAULT NULL,
  `google_id` varchar(50) COLLATE utf8mb4_unicode_ci DEFAULT NULL,
  `facebook_id` varchar(50) COLLATE utf8mb4_unicode_ci DEFAULT NULL,
  `github_id` varchar(50) COLLATE utf8mb4_unicode_ci DEFAULT NULL,
  `twitter_id` varchar(50) COLLATE utf8mb4_unicode_ci DEFAULT NULL,
  `linkedin_id` varchar(50) COLLATE utf8mb4_unicode_ci DEFAULT NULL,
  `gitlab_id` varchar(50) COLLATE utf8mb4_unicode_ci DEFAULT NULL,
  `bitbucket_id` varchar(50) COLLATE utf8mb4_unicode_ci DEFAULT NULL,
  PRIMARY KEY (`id`),
  UNIQUE KEY `users_email_unique` (`email`)
) ENGINE=InnoDB AUTO_INCREMENT=151 DEFAULT CHARSET=utf8mb4 COLLATE=utf8mb4_unicode_ci;

/*Data for the table `users` */

insert  into `users`(`id`,`name`,`avatar`,`email`,`email_verified_at`,`password`,`remember_token`,`created_at`,`updated_at`,`google_id`,`facebook_id`,`github_id`,`twitter_id`,`linkedin_id`,`gitlab_id`,`bitbucket_id`) values (76,'linkedin-Phong Nguyen','5f54c6785742d.jpg','phongnguyenmaster@gmail.com',NULL,'$2y$10$sgbWLcW9LLaqyLa3UIMaZOxTwYVTi3vSz/A7zQm56g6q2pvv4ls8i',NULL,'2020-09-06 10:44:28','2020-09-06 14:06:02',NULL,NULL,NULL,NULL,'00QYd3VJQh',NULL,NULL),(77,'github-','5f54c6083f139.jpg','lethihuongmientay@gmail.com',NULL,'$2y$10$cq13utC8JH.kWDUkA5VBsOPvIqIfvZPk51m8By6az/G7qDKsfgQXS',NULL,'2020-09-06 10:45:29','2020-09-06 11:21:57',NULL,NULL,'40822834',NULL,NULL,NULL,NULL),(78,'github-Assmin','5f54be65e59c4.png',NULL,NULL,'$2y$10$7NwKk7G3ixfQjK1bWdJdP.fIn8Zf6o7tiAdrzLEXnNeBug1NPUalK',NULL,'2020-09-06 10:48:06','2020-09-06 10:48:06',NULL,NULL,'23218035',NULL,NULL,NULL,NULL),(79,'USER 1',NULL,'user1@gmail.com',NULL,'$2y$10$nZkAWtrViF1RZM44Q9EL5e/xDYQNbHer.WH0L4lSkWMYCZhvdSZrC',NULL,'2020-09-06 10:54:40','2020-09-06 10:54:40',NULL,NULL,NULL,NULL,NULL,NULL,NULL),(80,'USER 2',NULL,'user2@gmail.com',NULL,'$2y$10$yqTI.ibDUfTMCeZj/Lc7ee6eBfdG0yDoQXlVPVP/uKWzukgocB5a2',NULL,'2020-09-06 10:56:58','2020-09-06 10:56:58',NULL,NULL,NULL,NULL,NULL,NULL,NULL),(81,'USER 3',NULL,'user3@gmail.com',NULL,'$2y$10$yqTI.ibDUfTMCeZj/Lc7ee6eBfdG0yDoQXlVPVP/uKWzukgocB5a2',NULL,'2020-09-06 10:56:58','2020-09-06 10:56:58',NULL,NULL,NULL,NULL,NULL,NULL,NULL),(82,'USER 4',NULL,'user4@gmail.com',NULL,'$2y$10$yqTI.ibDUfTMCeZj/Lc7ee6eBfdG0yDoQXlVPVP/uKWzukgocB5a2',NULL,'2020-09-06 10:56:58','2020-09-06 10:56:58',NULL,NULL,NULL,NULL,NULL,NULL,NULL),(83,'USER 5',NULL,'user5@gmail.com',NULL,'$2y$10$yqTI.ibDUfTMCeZj/Lc7ee6eBfdG0yDoQXlVPVP/uKWzukgocB5a2',NULL,'2020-09-06 10:56:58','2020-09-06 10:56:58',NULL,NULL,NULL,NULL,NULL,NULL,NULL),(84,'USER 6',NULL,'user6@gmail.com',NULL,'$2y$10$yqTI.ibDUfTMCeZj/Lc7ee6eBfdG0yDoQXlVPVP/uKWzukgocB5a2',NULL,'2020-09-06 10:56:58','2020-09-06 10:56:58',NULL,NULL,NULL,NULL,NULL,NULL,NULL),(85,'Htt22',NULL,'hoangthanhthien22@gmail.com',NULL,'$2y$10$oAKX49OIhIvriwVl9LSBPe/UFPf0JZBbDvhvNvFPXMuTGZHXBlz46',NULL,'2020-09-06 11:21:10','2020-09-06 11:21:10',NULL,NULL,NULL,NULL,NULL,NULL,NULL),(86,'Anh ang',NULL,'thien@gmail.com',NULL,'$2y$10$RKkN16s8WacUx/tjhq48w.LxRVAdBkrt0WGDvkIfhjp8LJ2yzxK56',NULL,'2020-09-06 11:21:55','2020-09-06 11:21:55',NULL,NULL,NULL,NULL,NULL,NULL,NULL),(87,'123',NULL,'123456@gmail.com',NULL,'$2y$10$Pbifz4IypsoJfqUkhCJilOMYI5V2Kv7kNUegEvo4vPN1u18NQr6c2',NULL,'2020-09-06 11:22:46','2020-09-06 11:22:46',NULL,NULL,NULL,NULL,NULL,NULL,NULL),(88,'test',NULL,'test@123.com',NULL,'$2y$10$0Di15/gg2bx8ZTRHGxYUA.sD/wI8Xcxg.toFdzy7j29/sQUbYACKS',NULL,'2020-09-06 11:23:58','2020-09-06 11:23:58',NULL,NULL,NULL,NULL,NULL,NULL,NULL),(89,'Teo',NULL,'t@gmail.com',NULL,'$2y$10$ZzdqGthFPMJKhxh5TnIo7.T3.cNbe66NebOd0qqMLD2Bb36NVB.6y',NULL,'2020-09-06 11:25:48','2020-09-06 11:25:48',NULL,NULL,NULL,NULL,NULL,NULL,NULL),(90,'github-Pham Huu Truong','5f54c769703b3.png',NULL,NULL,'$2y$10$qi0TvfUVMTqPyuPWGgl4QuNL5RicNUPrF1RDCnXXi.kVBtSqmOkEG',NULL,'2020-09-06 11:26:33','2020-09-06 11:26:33',NULL,NULL,'19285094',NULL,NULL,NULL,NULL),(91,'tester',NULL,'testter@gmail.com',NULL,'$2y$10$WJC9ye/RjZy1Hwba8nltWO7MvqW8PHo2768jTvMrATAh6vHY0hwIO',NULL,'2020-09-06 11:28:38','2020-09-06 11:28:38',NULL,NULL,NULL,NULL,NULL,NULL,NULL),(92,'github-','5f54c868ab6b1.png',NULL,NULL,'$2y$10$erHx0d4N1LxKMcsfCKUjzOVP7G02TqyldlBmxC7btD0InBrKWol7W',NULL,'2020-09-06 11:30:49','2020-09-06 11:30:49',NULL,NULL,'50350882',NULL,NULL,NULL,NULL),(93,'github-','5f54c86f11ced.png',NULL,NULL,'$2y$10$hJo/3/WRpUIaoLo0F7UxxuASvS6IMwbTcq67/gcI.kl/6q5zwyMX6',NULL,'2020-09-06 11:30:55','2020-09-06 11:30:55',NULL,NULL,'48361803',NULL,NULL,NULL,NULL),(94,'demo',NULL,'demo@gmail.com',NULL,'$2y$10$MhCOJVpa9XHbHnni9ek/YOL7BiCR6H.bdMFI6.eq5ebiu1pACNRY6',NULL,'2020-09-06 11:32:38','2020-09-06 11:32:57',NULL,NULL,NULL,NULL,NULL,NULL,NULL),(95,'Abc',NULL,'trangvh87@gmail.com',NULL,'$2y$10$IRhh89lJhLzulXotGc7NHuwreY0Xj4QQ6E2OQqccgAlbsxuFydyPG',NULL,'2020-09-06 11:32:57','2020-09-06 11:32:57',NULL,NULL,NULL,NULL,NULL,NULL,NULL),(96,'Hung Truong',NULL,'hungtruongquoc@yahoo.com',NULL,'$2y$10$hn6CBrYXJSzL7wqluHoeX.Tt3eDAIiZJUAdByVn1PXDsvDzC5Ha.O',NULL,'2020-09-06 11:34:15','2020-09-06 11:34:15',NULL,NULL,NULL,NULL,NULL,NULL,NULL),(97,'test','5f54cad469c37.jpg','test123@gmail.com',NULL,'$2y$10$QjnvGWscTK/EZlnwY4pwD.GanJ/MKL04FwD/QDFsKRY3X3CdogHli',NULL,'2020-09-06 11:35:24','2020-09-06 11:41:08',NULL,NULL,NULL,NULL,NULL,NULL,NULL),(98,'github-Cương Đây Rồi!','5f54c9bb85f6e.png',NULL,NULL,'$2y$10$lrMuNSh15z.gzMzyxfJ7zOo1KouPWkrmoHp08GfKi2.sO4pUMgmKS',NULL,'2020-09-06 11:36:28','2020-09-06 11:36:28',NULL,NULL,'17908380',NULL,NULL,NULL,NULL),(99,'github-','5f54ca3e0e5b2.jpg','minh0@gmail.com',NULL,'$2y$10$40Rk2FnpPfD4NwQj9OErQ.XZBqBUMpOOFFJfjtZmMDsGt5OM.tclO',NULL,'2020-09-06 11:36:59','2020-09-06 11:39:02',NULL,NULL,'54258170',NULL,NULL,NULL,NULL),(100,'hieu',NULL,'hieu@gmail.com',NULL,'$2y$10$aQGooPE75aXXKw4ZiBVvFO5v648zAgdlMI2T5X3B9.gyoQTaj.rRu',NULL,'2020-09-06 11:37:16','2020-09-06 11:37:16',NULL,NULL,NULL,NULL,NULL,NULL,NULL),(101,'Pink',NULL,'a@gmail.com',NULL,'$2y$10$L.Kpe0xSNGe0m.zwu4ZyN.Iz0sW8UqNS29eBkGYBX7WPxYOgt1gV2',NULL,'2020-09-06 11:40:08','2020-09-06 11:40:08',NULL,NULL,NULL,NULL,NULL,NULL,NULL),(102,'Hello Kitty ?',NULL,'hello@gmail.com',NULL,'$2y$10$mOM.RG6tkILk7LKLvsZCV.WjqD5CRh3ySuoYuU9WIWEPv4TyLSbW2',NULL,'2020-09-06 11:40:18','2020-09-06 11:40:18',NULL,NULL,NULL,NULL,NULL,NULL,NULL),(103,'Phạm Thanh Dương',NULL,'aes.thanhduong@aesvietnam.com',NULL,'$2y$10$PTJyHQ0fClNu9QDkPCDJtOex8yKMsclSyfcIPkJ3xCdaCvRR2oGyq',NULL,'2020-09-06 11:40:41','2020-09-06 11:40:41',NULL,NULL,NULL,NULL,NULL,NULL,NULL),(104,'Test',NULL,'minh1@gmail.com',NULL,'$2y$10$34w3qeYubj83bqryCsW4FOeCcwWLLS0VKzLvQI8sejEztHG3y37S2',NULL,'2020-09-06 11:42:20','2020-09-06 11:42:20',NULL,NULL,NULL,NULL,NULL,NULL,NULL),(105,'ga123',NULL,'ga123@gmail.com',NULL,'$2y$10$3SlsVuxmf/izFIWvPVkiT.7UHDg7K24FQ6SHktXU0LOg45PrO7FBq',NULL,'2020-09-06 11:42:46','2020-09-06 11:42:46',NULL,NULL,NULL,NULL,NULL,NULL,NULL),(106,'github-','5f54cbcb5ec9f.png',NULL,NULL,'$2y$10$5rTI7M2Bw3P1iKF6nMP4COANXUa0WgD.beVEjllhO/AJRMkRcaL6O',NULL,'2020-09-06 11:45:16','2020-09-06 11:45:16',NULL,NULL,'11149837',NULL,NULL,NULL,NULL),(107,'11520096',NULL,'test@yopmail.com',NULL,'$2y$10$3FQ5CEj3FDN9JKXyncx6.OY/7OLouS2eGV9.QOCbXOTU9z2coV6qK',NULL,'2020-09-06 11:46:31','2020-09-06 11:49:26',NULL,NULL,NULL,NULL,NULL,NULL,NULL),(108,'abc@gmail.com',NULL,'abc@gmail.com',NULL,'$2y$10$O2z4l7Yu1tX91XJisMWcROAziMO8vpU5H5pDM0./gOffKkRkAPmUy',NULL,'2020-09-06 11:47:27','2020-09-06 11:47:27',NULL,NULL,NULL,NULL,NULL,NULL,NULL),(109,'Oreo',NULL,'oreo@gmail.com',NULL,'$2y$10$TlwCheijeF95s391cVBsheDpNoqKHi/heKAjzqWltcabbkuxpKWh2',NULL,'2020-09-06 11:50:36','2020-09-06 11:50:36',NULL,NULL,NULL,NULL,NULL,NULL,NULL),(110,'Trương Bình',NULL,'anc@gmail.com',NULL,'$2y$10$MeztpGWuVVBEEeSCY7rJ9uSM9vytVQEU8Zc8D0XwESFwnpd1neOKu',NULL,'2020-09-06 11:52:41','2020-09-06 11:52:41',NULL,NULL,NULL,NULL,NULL,NULL,NULL),(111,'Abc',NULL,'abc123@gmail.com',NULL,'$2y$10$eyCkrx8ehsM2MqHGOghS2.9XJREsSwQfHWO2WXWshtWUb/quzDHgG',NULL,'2020-09-06 11:53:46','2020-09-06 11:53:46',NULL,NULL,NULL,NULL,NULL,NULL,NULL),(112,'Abcdef',NULL,'Abcdef@gmail.com',NULL,'$2y$10$wpGqAOpgbN0H5KA42BYzIuL.YXiy4q77FwNF2uC.MlsTkw3jnuWm2',NULL,'2020-09-06 11:56:17','2020-09-06 11:56:17',NULL,NULL,NULL,NULL,NULL,NULL,NULL),(113,'Hello',NULL,'hello111@gmail.com',NULL,'$2y$10$sJrf.RwYjUYnVchM4ImpQOURdpzvhnM6uF6TK1usCDA8TmO/llrLC',NULL,'2020-09-06 11:57:28','2020-09-06 11:57:28',NULL,NULL,NULL,NULL,NULL,NULL,NULL),(114,'Test',NULL,'test11@yopmail.com',NULL,'$2y$10$z54XNnrtIaTNxD6aT4wmqOXKTVdhrnHajADLF62MoBZMZlvVecbz.',NULL,'2020-09-06 11:59:13','2020-09-06 11:59:13',NULL,NULL,NULL,NULL,NULL,NULL,NULL),(115,'Mai',NULL,'m@gmail.com',NULL,'$2y$10$z16KPYq0kACeTocsmmhuc.tkoNZV3Mmpv2BxhE520mTkAwDN7MQtG',NULL,'2020-09-06 12:02:02','2020-09-06 12:02:02',NULL,NULL,NULL,NULL,NULL,NULL,NULL),(116,'Tr',NULL,'dgfsolomid@gmail.com',NULL,'$2y$10$PdpdeCpXfbNEx8CoCFQ2NO1.w3ByChQOahALA7hbAnU50Ct06EbX6',NULL,'2020-09-06 12:04:08','2020-09-06 12:04:08',NULL,NULL,NULL,NULL,NULL,NULL,NULL),(117,'Luan',NULL,'Nhatluan9898@gmail.com',NULL,'$2y$10$jYWNJoZ1EBqfMZdw/nO5AOw9d/OHzx2kttyaWY6kod.39kkXZjalK',NULL,'2020-09-06 12:04:16','2020-09-06 12:04:16',NULL,NULL,NULL,NULL,NULL,NULL,NULL),(118,'Minh Nguyễn','5f54d45159cff.jpeg','judasfate@gmail.com',NULL,'$2y$10$w1mMaZDbUXMsKg2PqTIv7O4sZXI9rxHP624/EamTkLdrcq0w/Fh/6',NULL,'2020-09-06 12:04:31','2020-09-06 12:21:37',NULL,NULL,NULL,NULL,NULL,NULL,NULL),(119,'Mai',NULL,'hoang@mail.com',NULL,'$2y$10$l31wCbBMe/4MG5lWTtOoIO9fAyiNjfD8EkxeLOgYzXwy8fkBf4pkm',NULL,'2020-09-06 12:05:08','2020-09-06 12:12:08',NULL,NULL,NULL,NULL,NULL,NULL,NULL),(120,'A',NULL,'anhnguyenviet11299@gmail.com',NULL,'$2y$10$5rEhMUXEbrWdyrODiic.3OeC11.s4XMFt.21hvXulA6GgrG2.YvB2',NULL,'2020-09-06 12:08:56','2020-09-06 12:08:56',NULL,NULL,NULL,NULL,NULL,NULL,NULL),(121,'Abc',NULL,'abcxxx@gmail.com',NULL,'$2y$10$JFtOUCTAyI2/avh.okUtHeE2yUf9z8NhCgL2DjyBWJfbwBZ.dpqE2',NULL,'2020-09-06 12:09:18','2020-09-06 12:09:18',NULL,NULL,NULL,NULL,NULL,NULL,NULL),(122,'Abc',NULL,'abc122@gmail.com',NULL,'$2y$10$Ig5h7QXPzY32hb0lRzRMKuNHt43g3xRaG70FnyPi.Ztpj7oeQGfkS',NULL,'2020-09-06 12:12:25','2020-09-06 12:12:25',NULL,NULL,NULL,NULL,NULL,NULL,NULL),(123,'github-','5f54d237463fa.png',NULL,NULL,'$2y$10$RS.vY/9jnxS1z6I5Hg/0ce2mR.9LRFfmQAG169IkntU7tWV6Ig762',NULL,'2020-09-06 12:12:39','2020-09-06 12:12:39',NULL,NULL,'54202407',NULL,NULL,NULL,NULL),(124,'Adbc',NULL,'adbc@gmail.com',NULL,'$2y$10$pMg4qbMzRMQJnyWRSw6YROYaxh4uPzXI1L63gUBcncd7BiCQk/8Na',NULL,'2020-09-06 12:16:41','2020-09-06 12:16:41',NULL,NULL,NULL,NULL,NULL,NULL,NULL),(125,'nảm',NULL,'thanhbinh0236@gmail.com',NULL,'$2y$10$X7qRXlM9FiHNb4WK0o5RiOE8LmvefGGRR85kX7rVtYt9FzBTP0Ko.',NULL,'2020-09-06 12:17:06','2020-09-06 12:17:06',NULL,NULL,NULL,NULL,NULL,NULL,NULL),(126,'Holla',NULL,'jeffindislone223@gmail.com',NULL,'$2y$10$ksT/KAsT59n0NOJCLkIkEuYQkAhKSJB0/0QAgXWjkgGKNNmEBfCS2',NULL,'2020-09-06 12:20:31','2020-09-06 12:20:31',NULL,NULL,NULL,NULL,NULL,NULL,NULL),(127,'Thanh Trí Nguyễn',NULL,'trietlibra90@gmail.com',NULL,'$2y$10$2AqKtDvZOtLWCVSfgkEjmOMbMmfWpMSSbzpaFmFVOlYQOexe2P/xC',NULL,'2020-09-06 12:21:21','2020-09-06 12:21:21',NULL,NULL,NULL,NULL,NULL,NULL,NULL),(128,'qqq',NULL,'qqqq@qqq.com',NULL,'$2y$10$t5tHCfpnReAugSR5qheUrOEUt.iYhlQdVjMSp6rc9jPMWntyEVfkC',NULL,'2020-09-06 12:25:06','2020-09-06 12:25:06',NULL,NULL,NULL,NULL,NULL,NULL,NULL),(129,'TEST BTN',NULL,'aaa@bbb.cccc',NULL,'$2y$10$SQWVlwVh6InzdiJ0R9qBa.pt2a4o/qgpv.OMesrGJshp5ltH3IJr2',NULL,'2020-09-06 12:25:36','2020-09-06 12:26:25',NULL,NULL,NULL,NULL,NULL,NULL,NULL),(130,'Nguyen Le Chi Bao Fpt Polytechnic',NULL,'dasdasdasdsa@dsad.com',NULL,'$2y$10$p5A1OPJvWGmopvC6gMvguuvBNIBVnTBDAhfG4rUG4JTl4EkNitpO6',NULL,'2020-09-06 12:28:00','2020-09-06 12:28:00',NULL,NULL,NULL,NULL,NULL,NULL,NULL),(131,'TESTER',NULL,'test@gmail.vn',NULL,'$2y$10$5zR8.0iTod7/.7UOjMrAeu.RjkjtxnomxnAgzxq9xS/U3zlgMvgv.',NULL,'2020-09-06 12:29:39','2020-09-06 12:29:39',NULL,NULL,NULL,NULL,NULL,NULL,NULL),(132,'t',NULL,'h@gmail.com',NULL,'$2y$10$sj9LsjeKN9AjjkqU8PJVyuorJrbFGoMIL89FERS7XSFpdtomOBwom',NULL,'2020-09-06 12:33:40','2020-09-06 12:33:40',NULL,NULL,NULL,NULL,NULL,NULL,NULL),(133,'123',NULL,'123@gmail',NULL,'$2y$10$57bGYrwlwxwEctagPSwAH.WC2paNSO8PpAjzFFsyodYuT5di34VD2',NULL,'2020-09-06 12:35:33','2020-09-06 12:35:33',NULL,NULL,NULL,NULL,NULL,NULL,NULL),(134,'Abc',NULL,'test@test.test',NULL,'$2y$10$0fs/l3di2G0OyIK7swAlM.ak1VvRWZHZS4m83k.X6Ybtdm5LvG8hm',NULL,'2020-09-06 12:40:14','2020-09-06 12:40:14',NULL,NULL,NULL,NULL,NULL,NULL,NULL),(135,'abcd',NULL,'abcd@gmail.com',NULL,'$2y$10$waxLuE2Vz/KeZbxT9R9PNuv8dJKUWgB9eaguhJ66LkhuYZLdN0X2W',NULL,'2020-09-06 12:44:31','2020-09-06 12:44:31',NULL,NULL,NULL,NULL,NULL,NULL,NULL),(136,'vattu4 no ton kho',NULL,'dfaf@gmail.com',NULL,'$2y$10$PDYxdOGqPxCzHxkz.AS7Y.noZEIN1GYJzWWLzAC/vcpJRRClVvEMm',NULL,'2020-09-06 12:47:40','2020-09-06 12:47:40',NULL,NULL,NULL,NULL,NULL,NULL,NULL),(137,'Tuan Ngo','5f54dc86b13c4.png','mono.cicada@gmail.com',NULL,'$2y$10$L4H61MuIMLTd.P2H10GhNeosH82dqB8UacgqScO8xsF3X.5daxgMC',NULL,'2020-09-06 12:56:26','2020-09-06 12:56:38',NULL,NULL,NULL,NULL,NULL,NULL,NULL),(138,'Whoopi Norton',NULL,'qica@mailinator.net',NULL,'$2y$10$Cc/fuBl.0CL42ODWqhOlbecgqEKuXnt/yiN90caggm9.ytbORt8SC',NULL,'2020-09-06 13:10:31','2020-09-06 13:10:31',NULL,NULL,NULL,NULL,NULL,NULL,NULL),(139,'Hh',NULL,'avc@g.c',NULL,'$2y$10$hBIJ3hz9OhrDPEap.EVHJeqPJYsega5uTOy0rUNimitt18Wgkl3Ku',NULL,'2020-09-06 13:11:32','2020-09-06 13:11:32',NULL,NULL,NULL,NULL,NULL,NULL,NULL),(140,'Thuc',NULL,'thucdv.dube@gmail.com',NULL,'$2y$10$lKY6UYscN7l2Pz..5JhDD.uFS46oTbrdkKmC8JqQfKHgnH7REREve',NULL,'2020-09-06 13:17:53','2020-09-06 13:18:06',NULL,NULL,NULL,NULL,NULL,NULL,NULL),(141,'ALO HA','5f54e2c34180b.jpg','aloha@gmail.co',NULL,'$2y$10$t4eFenpx/sZHYgjQxPjRfeg5Rpj6NPfhtnrIjDE0ShCM7ZWRbmTMu',NULL,'2020-09-06 13:22:53','2020-09-06 13:23:15',NULL,NULL,NULL,NULL,NULL,NULL,NULL),(142,'TEST',NULL,'test@gmail.com',NULL,'$2y$10$LyNNZN9qSDuqYA4sr.HFfegKq.T9yRfVwdD4/AqvHqwChDtk39Qiy',NULL,'2020-09-06 13:25:04','2020-09-06 13:25:04',NULL,NULL,NULL,NULL,NULL,NULL,NULL),(143,'123\'\"',NULL,'123@123',NULL,'$2y$10$ZpGrpCuxR79gH1yz2bNhIO8XiyFQw1BIUy7sporGZ9IzUVfRK4rnO',NULL,'2020-09-06 13:31:36','2020-09-06 13:33:14',NULL,NULL,NULL,NULL,NULL,NULL,NULL),(144,'PUBLIC USER','5f54e7988081c.png','public@gmail.com',NULL,'$2y$10$uKIzrbW7f9egqYkHxx1OBuCGosZL6iJ9mfqHIMboqw/gzf8h1yjUi',NULL,'2020-09-06 13:33:09','2020-09-06 13:43:52',NULL,NULL,NULL,NULL,NULL,NULL,NULL),(145,'github-','5f54e5c4d4de1.png',NULL,NULL,'$2y$10$fLIKjFTXYuyCMhJOAeykLO6DOkQ.brLoic7UPEk2eE.Jo7wS3zK92',NULL,'2020-09-06 13:36:05','2020-09-06 13:36:05',NULL,NULL,'44358203',NULL,NULL,NULL,NULL),(146,'aa',NULL,'ad@ds.com',NULL,'$2y$10$9XGXWhwgM4aUPu.xuvpa1u4c2psIWIsj1IukiZPSOLpxFPBgzDIX.',NULL,'2020-09-06 13:40:40','2020-09-06 13:40:40',NULL,NULL,NULL,NULL,NULL,NULL,NULL),(147,'test001',NULL,'test001@yopmail.com',NULL,'$2y$10$HZE0n7ihwVDXl0sYIhGYe.s.EYQwkFqcQl8cpzyGCalh.PQt7cjCm',NULL,'2020-09-06 13:54:48','2020-09-06 13:54:48',NULL,NULL,NULL,NULL,NULL,NULL,NULL),(148,'HÀ NỘI PHỐ',NULL,'hanoi@gmail.com',NULL,'$2y$10$miwivFFifSZf4NrIIuV8P.NSAr/UAdzGE8YAj2uPWAPQdutUieKMq',NULL,'2020-09-06 13:57:49','2020-09-06 13:57:49',NULL,NULL,NULL,NULL,NULL,NULL,NULL),(149,'test1','5f54ed2d84732.jpg','test1@gmail.com',NULL,'$2y$10$OaNucKykR0oiciBnDmXE/uJ6Vtl37QNUf9End6agdMJ9mp2zoZJta',NULL,'2020-09-06 14:06:59','2020-09-06 14:07:41',NULL,NULL,NULL,NULL,NULL,NULL,NULL),(150,'Tester pq',NULL,'tester1@yopmail.com',NULL,'$2y$10$PKmOr4okCU8IcLatgcvgDuMWqGfYRPRe7QQI4L45tjBFgdF29GQa2',NULL,'2020-09-06 14:18:04','2020-09-06 14:18:04',NULL,NULL,NULL,NULL,NULL,NULL,NULL);

/*!40101 SET SQL_MODE=@OLD_SQL_MODE */;
/*!40014 SET FOREIGN_KEY_CHECKS=@OLD_FOREIGN_KEY_CHECKS */;
/*!40014 SET UNIQUE_CHECKS=@OLD_UNIQUE_CHECKS */;
/*!40111 SET SQL_NOTES=@OLD_SQL_NOTES */;
